,Time,T1,Q1
0,0.0,20.6272,65.9034597850861
1,3.0,20.949499999999997,100.0
2,4.0,20.949499999999997,100.0
3,5.0,20.949499999999997,100.0
4,6.0,20.949499999999997,100.0
5,7.01,21.2718,100.0
6,8.01,21.2718,100.0
7,11.0,21.9164,100.0
8,12.0,22.238699999999998,100.0
9,13.01,22.238699999999998,100.0
10,14.0,22.561,100.0
11,15.01,22.561,100.0
12,17.0,23.205599999999997,100.0
13,18.01,23.5279,100.0
14,19.0,23.5279,100.0
15,20.0,23.850199999999997,100.0
16,21.01,24.1725,100.0
17,22.01,24.494799999999998,100.0
18,25.0,25.1394,100.0
19,26.01,25.461699999999997,100.0
20,27.01,25.784,100.0
21,28.01,26.106299999999997,100.0
22,29.0,26.4286,100.0
23,31.01,27.073199999999996,100.0
24,32.01,27.3955,100.0
25,34.0,28.0401,100.0
26,35.0,28.362399999999997,100.0
27,36.01,28.6847,100.0
28,37.0,29.006999999999998,100.0
29,38.0,29.329299999999996,100.0
30,39.0,29.329299999999996,100.0
31,41.0,29.973899999999997,100.0
32,42.0,30.618499999999997,100.0
33,43.0,30.940799999999996,100.0
34,45.0,31.263099999999998,100.0
35,46.01,31.9077,100.0
36,48.0,32.23,100.0
37,49.01,32.552299999999995,100.0
38,51.0,33.1969,100.0
39,52.01,33.5192,100.0
40,54.01,34.163799999999995,100.0
41,55.0,34.4861,100.0
42,57.0,35.1307,100.0
43,58.0,35.452999999999996,100.0
44,59.01,35.775299999999994,100.0
45,60.01,36.0976,100.0
46,61.01,36.4199,100.0
47,63.0,37.064499999999995,100.0
48,64.0,37.386799999999994,100.0
49,66.0,38.0314,100.0
50,67.0,38.0314,100.0
51,69.01,38.675999999999995,100.0
52,70.01,38.9983,100.0
53,72.0,39.6429,100.0
54,73.0,39.965199999999996,100.0
55,75.0,40.6098,100.0
56,76.0,40.6098,100.0
57,78.0,41.2544,100.0
58,79.0,41.576699999999995,100.0
59,80.01,41.898999999999994,100.0
60,81.01,42.2213,100.0
61,82.01,42.5436,100.0
62,83.0,42.5436,100.0
63,85.01,43.188199999999995,100.0
64,86.0,43.51049999999999,100.0
65,87.0,43.8328,100.0
66,89.0,44.1551,100.0
67,90.01,44.477399999999996,100.0
68,92.0,45.122,100.0
69,93.0,45.4443,100.0
70,95.0,45.7666,100.0
71,96.0,46.088899999999995,100.0
72,98.01,46.411199999999994,100.0
73,99.0,46.7335,100.0
74,101.01,47.0558,100.0
75,102.01,47.378099999999996,100.0
76,103.01,47.700399999999995,100.0
77,104.0,48.02269999999999,100.0
78,105.0,48.02269999999999,100.0
79,106.01,48.345,100.0
80,108.0,48.6673,100.0
81,109.01,48.989599999999996,100.0
82,110.01,49.311899999999994,100.0
83,112.0,49.63419999999999,100.0
84,113.01,49.9565,100.0
85,114.01,50.2788,100.0
86,115.0,50.601099999999995,100.0
87,116.0,50.601099999999995,100.0
88,118.0,51.2457,100.0
89,119.01,51.2457,100.0
90,121.0,51.568,100.0
91,122.01,51.890299999999996,100.0
92,123.0,52.212599999999995,100.0
93,124.01,52.212599999999995,100.0
94,125.01,52.53489999999999,100.0
95,127.0,52.8572,100.0
96,128.01,53.1795,100.0
97,130.0,53.501799999999996,100.0
98,131.0,53.501799999999996,100.0
99,133.0,54.14639999999999,98.84226832565054
100,134.01,54.4687,96.21714031044122
101,136.0,54.791,95.84875751953088
102,137.01,54.791,90.91413407114834
103,139.01,55.113299999999995,90.67497682898755
104,140.0,55.435599999999994,87.9119648678197
105,142.0,55.75789999999999,85.30650491472718
106,143.0,55.75789999999999,82.49318347135454
107,144.01,56.0802,82.24443837723382
108,145.0,56.0802,79.54280662115363
109,146.01,56.402499999999996,79.23330787871922
110,148.0,56.724799999999995,76.60554067171451
111,149.01,56.724799999999995,73.73306279192337
112,150.0,57.04709999999999,73.37615507669078
113,151.01,57.04709999999999,73.0989931180325
114,152.0,57.04709999999999,70.28644005192143
115,153.01,57.3694,67.41409311667034
116,155.01,57.3694,69.44328278472571
117,156.01,57.6917,66.9041146529872
118,157.01,57.6917,63.994514480442106
119,159.0,58.013999999999996,63.605546150984416
120,160.0,58.013999999999996,63.088299424607406
121,161.01,58.013999999999996,60.45207332868726
122,162.01,58.013999999999996,59.949295805188804
123,163.01,58.013999999999996,59.461896798051555
124,164.01,58.336299999999994,56.6366483134851
125,166.01,58.336299999999994,56.32253721987198
126,167.01,58.336299999999994,55.881692844624915
127,168.0,58.336299999999994,55.39024415350687
128,170.0,58.336299999999994,52.64430732059509
129,171.01,58.65859999999999,54.50161920747519
130,172.01,58.65859999999999,54.266139661021825
131,173.01,58.65859999999999,53.727788489216586
132,174.01,58.65859999999999,51.09999602758069
133,175.01,58.65859999999999,50.462226311498895
134,177.0,58.65859999999999,50.08966877234212
135,178.01,58.65859999999999,49.77815717411576
136,179.0,58.65859999999999,49.15043314623384
137,181.0,58.65859999999999,48.81769953532829
138,182.01,58.65859999999999,48.3940647409524
139,184.0,58.65859999999999,47.90503784539477
140,185.01,58.65859999999999,47.55073391708735
141,187.0,58.336299999999994,47.09621423708637
142,188.01,58.336299999999994,46.80833845079326
143,189.01,58.336299999999994,48.636360976864104
144,190.0,58.336299999999994,48.37456614524945
145,191.01,58.336299999999994,47.93835476401542
146,193.01,58.336299999999994,47.4328238428701
147,194.0,58.336299999999994,47.07175231332252
148,195.01,58.336299999999994,46.6238756507426
149,196.01,58.336299999999994,46.16394443229249
150,197.01,58.336299999999994,45.86871635991562
151,199.0,58.013999999999996,45.482602846963985
152,200.01,58.013999999999996,47.366046977852676
153,202.01,58.013999999999996,47.02677554704824
154,203.0,58.013999999999996,46.714159774433185
155,204.0,58.013999999999996,46.25502742316851
156,205.01,57.6917,45.92651712212362
157,206.01,57.6917,45.50715106277148
158,207.01,57.6917,47.543727110908904
159,210.0,57.6917,47.11125500448919
160,211.0,57.6917,46.6259418865613
161,212.01,57.3694,46.432524013800716
162,213.01,57.3694,48.36866653983761
163,214.0,57.3694,48.105185757527885
164,216.01,57.3694,47.799105123021725
165,217.01,57.3694,47.55496627121651
166,218.0,57.3694,46.874221146764924
167,219.01,57.3694,46.611326597815264
168,220.01,57.04709999999999,48.721401305607074
169,221.01,57.04709999999999,48.352630954955096
170,224.0,57.04709999999999,47.93511171453932
171,225.01,56.724799999999995,47.70408718184364
172,226.0,56.724799999999995,49.91833390009443
173,227.01,56.724799999999995,49.47451071953987
174,228.01,56.724799999999995,49.17784491795625
175,229.01,56.724799999999995,48.83682839261896
176,231.0,56.402499999999996,48.47255245067846
177,232.0,56.724799999999995,47.97833717383827
178,233.01,56.724799999999995,47.81048794806663
179,235.01,56.402499999999996,49.96920162342287
180,236.0,56.0802,49.591289064736046
181,238.01,56.402499999999996,49.281391027958826
182,239.01,56.0802,51.34741259910028
183,241.0,56.0802,51.04946713376211
184,242.0,56.0802,50.76485980822074
185,244.0,56.0802,50.69560454759364
186,245.01,56.0802,50.20446341578061
187,246.0,56.0802,49.964683598352146
188,247.0,56.0802,49.60398267100867
189,248.01,55.75789999999999,51.81316383042543
190,249.01,55.75789999999999,51.56662595432402
191,251.0,55.75789999999999,51.33671326115371
192,252.0,55.75789999999999,51.02661125429094
193,253.01,55.75789999999999,50.80914726349705
194,255.01,55.75789999999999,50.31346555492153
195,256.01,55.75789999999999,52.49106710803375
196,258.01,55.435599999999994,52.269147907871755
197,259.01,55.435599999999994,51.98994912227417
198,261.0,55.435599999999994,51.55170557527794
199,262.01,55.435599999999994,51.463732291722174
200,264.01,55.435599999999994,51.2030618739204
201,265.01,55.113299999999995,50.90301221106685
202,267.0,55.113299999999995,50.55380315061721
203,268.0,55.113299999999995,52.757040385054
204,269.01,55.113299999999995,52.644504238746435
205,270.0,55.113299999999995,52.1978158868766
206,271.01,55.113299999999995,49.517784630385144
207,273.0,55.113299999999995,51.67497998048448
208,274.0,55.113299999999995,51.49154991265775
209,276.0,54.791,51.18871031101639
210,277.0,55.113299999999995,50.97795524629004
211,279.0,54.791,50.79181114820094
212,280.01,54.791,52.96911806103083
213,282.0,54.791,52.732331195774684
214,283.0,54.791,52.62241311539738
215,284.0,54.791,52.24932416570061
216,285.0,54.791,52.02725670049813
217,286.01,54.791,51.779627053322926
218,287.0,54.791,51.49259498462979
219,289.0,54.791,51.24018419841348
220,290.0,54.791,51.124215767416445
221,291.01,54.791,50.943524210336335
222,293.01,54.4687,53.151809318442524
223,294.01,54.791,52.805458408314514
224,295.0,54.4687,52.642466077020906
225,296.01,54.4687,52.37040239205141
226,297.01,54.4687,52.17197981058004
227,298.0,54.4687,51.90950452709231
228,300.01,54.4687,51.61111668948327
229,301.01,54.4687,51.46874910797276
230,302.0,54.4687,51.219079988792146
231,304.01,54.4687,51.13037423222477
232,305.01,54.4687,50.86609467121753
233,306.01,54.4687,50.64194870269091
234,307.0,54.4687,50.413266810591466
235,308.01,54.4687,50.368839785087744
236,309.01,54.4687,49.91896111378338
237,311.0,54.4687,49.66265494059901
238,312.01,54.14639999999999,51.93111719668747
239,313.01,54.4687,49.390674078275325
240,315.01,54.14639999999999,51.49322623222989
241,316.0,54.14639999999999,51.425749927173655
242,317.0,54.14639999999999,51.155372764934356
243,318.0,54.14639999999999,50.925083351134454
244,319.01,54.14639999999999,50.688923022898564
245,320.01,54.14639999999999,50.55899031287349
246,322.01,54.14639999999999,50.277956892274105
247,323.01,54.14639999999999,50.06013463516848
248,324.0,54.14639999999999,52.314400880416144
249,326.0,54.14639999999999,49.68447783517888
250,327.0,53.824099999999994,49.59477780517682
251,328.0,53.824099999999994,51.67644694980026
252,329.01,53.824099999999994,51.54086982330591
253,330.01,53.824099999999994,51.38893492400475
254,332.0,53.824099999999994,51.27377084881016
255,333.01,53.824099999999994,50.89347042444619
256,335.0,53.824099999999994,50.83810090899773
257,336.01,53.824099999999994,50.70060749146593
258,338.0,53.824099999999994,50.505705830146475
259,339.01,53.824099999999994,50.23400179351833
260,341.0,53.824099999999994,49.896401286986084
261,342.01,53.824099999999994,49.81827814137026
262,343.01,53.501799999999996,52.03680347123277
263,344.01,53.501799999999996,52.0194869389874
264,345.01,53.501799999999996,49.36795146426372
265,346.01,53.501799999999996,51.66070226654287
266,348.01,53.501799999999996,51.28050801063547
267,349.01,53.501799999999996,51.208452520488166
268,350.01,53.501799999999996,51.12664418903967
269,352.0,53.501799999999996,50.84973798182858
270,353.0,53.501799999999996,50.641826235177696
271,354.01,53.501799999999996,50.65912325771909
272,355.01,53.501799999999996,50.43201342096589
273,356.01,53.501799999999996,50.1410656556762
274,357.01,53.501799999999996,50.08110025005186
275,359.0,53.501799999999996,49.82957134073379
276,360.01,53.501799999999996,49.584651958320464
277,361.0,53.501799999999996,49.55553411288403
278,363.01,53.501799999999996,49.31266756520691
279,364.01,53.501799999999996,51.551295026659034
280,366.0,53.1795,51.463437738445805
281,367.01,53.1795,51.27940040441101
282,369.01,53.1795,51.09813585005473
283,370.0,53.1795,51.07462166361111
284,372.0,53.1795,50.926118293052866
285,373.01,53.1795,50.74896429247696
286,375.0,53.1795,50.57217415946931
287,376.0,53.1795,50.505242659154405
288,377.0,53.1795,50.18271764850209
289,378.0,53.1795,49.953820477318466
290,379.0,53.1795,49.75413552662202
291,380.01,53.1795,49.86216997828876
292,382.0,53.1795,49.33636362061223
293,383.01,52.8572,49.372842934341605
294,384.0,53.1795,49.279914960035825
295,386.0,53.1795,49.09866256351536
296,387.01,52.8572,48.871728424899764
297,388.01,52.8572,51.328406728361976
298,389.01,53.1795,50.97403467112144
299,390.01,52.8572,48.447638908649026
300,391.0,52.8572,50.763804853698986
301,394.0,52.8572,48.26937689957778
302,395.01,52.8572,50.536237111485065
303,396.01,52.8572,50.41418973652654
304,397.01,52.8572,50.274040255961566
305,398.01,52.8572,50.20333927757325
306,400.0,52.8572,49.88083971681285
307,401.01,52.8572,49.69010481223097
308,403.0,52.8572,49.58576212213171
309,404.0,52.8572,49.44826732181315
310,405.01,52.8572,49.42752763633226
311,406.01,52.8572,49.21844486869216
312,407.01,52.8572,49.024797422194936
313,408.0,52.8572,51.425224630429376
314,410.0,52.53489999999999,51.27568755919479
315,411.0,52.8572,48.732280452187766
316,412.0,52.53489999999999,48.54780015515367
317,414.01,52.53489999999999,50.86116681422597
318,415.01,52.53489999999999,50.73281927511107
319,417.0,52.53489999999999,50.60942926707209
320,418.01,52.53489999999999,50.36233610363482
321,419.01,52.53489999999999,50.396054678671064
322,420.0,52.53489999999999,50.22329496041709
323,421.01,52.53489999999999,50.04384342583056
324,422.01,52.53489999999999,49.99547053710732
325,424.01,52.53489999999999,49.7519978644901
326,425.01,52.53489999999999,49.722692612483165
327,426.01,52.53489999999999,49.54189682976884
328,428.0,52.53489999999999,49.46272419543597
329,429.01,52.53489999999999,49.32984258194246
330,430.01,52.53489999999999,49.17205814502347
331,431.01,52.53489999999999,49.144833144440724
332,432.01,52.53489999999999,49.03295930026432
333,433.01,52.53489999999999,48.91610605842148
334,435.01,52.53489999999999,51.229175634935096
335,436.0,52.212599999999995,50.97325210875087
336,437.01,52.212599999999995,48.48233484155178
337,439.0,52.212599999999995,48.3953735451758
338,440.0,52.212599999999995,50.61988791090358
339,442.01,52.212599999999995,50.54209731372555
340,443.0,52.212599999999995,50.55395883368098
341,445.0,52.212599999999995,50.26506070436636
342,446.0,52.212599999999995,50.27524836066955
343,447.0,52.212599999999995,50.14472807043752
344,448.01,52.212599999999995,49.99764378468984
345,449.0,52.212599999999995,49.89441554635639
346,451.0,52.212599999999995,49.92164293157769
347,452.01,52.212599999999995,49.76907350210794
348,454.01,52.212599999999995,49.677620970909686
349,455.01,52.212599999999995,49.468862135583144
350,457.0,52.212599999999995,49.38687251152576
351,458.0,52.212599999999995,49.286234774665616
352,459.01,52.212599999999995,49.26703701033159
353,460.01,52.212599999999995,49.060319356749304
354,461.01,52.212599999999995,48.98813538279475
355,462.01,52.212599999999995,48.88005832450735
356,464.0,52.212599999999995,48.75335910218878
357,465.0,52.212599999999995,48.60476364086805
358,466.01,52.212599999999995,48.52283281543035
359,468.0,52.212599999999995,50.88992910490113
360,469.01,51.890299999999996,48.24284307435551
361,471.0,51.890299999999996,50.6230211027658
362,472.01,51.890299999999996,50.51894861327261
363,474.0,51.890299999999996,50.40660316312233
364,475.0,51.890299999999996,50.31198227158915
365,477.01,51.890299999999996,50.287591731673025
366,478.0,51.890299999999996,50.191396189366216
367,479.01,51.890299999999996,50.12819563738501
368,480.01,51.890299999999996,50.153431017833384
369,481.01,51.890299999999996,50.02438158506504
370,482.01,51.890299999999996,49.87606799939432
371,485.0,51.890299999999996,49.76282291933063
372,486.01,51.890299999999996,49.674603855618486
373,488.01,51.890299999999996,49.48697892832016
374,489.0,51.890299999999996,49.50430563575479
375,490.01,51.890299999999996,49.41462844053652
376,491.01,51.890299999999996,49.250402836734914
377,492.01,51.890299999999996,49.1713407379026
378,494.01,51.890299999999996,48.991618838595116
379,495.01,51.890299999999996,49.0057051104572
380,497.01,51.890299999999996,48.8868613295257
381,498.0,51.890299999999996,48.63394371626636
382,500.0,51.568,51.18217676816566
383,501.01,51.890299999999996,50.97228424668717
384,502.01,51.890299999999996,48.46317143557229
385,503.01,51.890299999999996,48.61277462718512
386,504.01,51.568,50.76199750475193
387,505.01,51.568,50.63586989623651
388,507.0,51.568,48.200462823932135
389,508.01,51.568,50.44735705198482
390,509.01,51.890299999999996,50.5094752014839
391,511.0,51.568,50.42243438958805
392,512.0,51.568,50.33959149094438
393,513.0,51.568,50.35461102365359
394,514.01,51.568,50.21569656611912
395,515.0,51.568,50.09579732194912
396,517.0,51.568,49.9899824876843
397,518.0,51.568,49.902395027603696
398,520.0,51.568,49.83156815274073
399,521.0,51.568,49.698988073322624
400,522.01,51.568,49.66708332860061
401,523.01,51.568,49.67748822319455
402,524.01,51.568,49.50966916856459
403,525.01,51.568,49.627959376869384
404,527.0,51.568,49.456491455998965
405,528.0,51.568,49.146290700033674
406,529.0,51.568,49.22466441986787
407,531.0,51.568,49.27696846299498
408,532.01,51.568,48.95359421802207
409,533.0,51.568,48.95813125464757
410,534.01,51.568,49.01052272078263
411,535.01,51.568,48.75047075204901
412,537.0,51.568,48.71251175135845
413,538.0,51.568,48.574077703739334
414,540.0,51.568,48.65235817927406
415,541.01,51.2457,48.62341309561763
416,542.0,51.2457,48.44957069888292
417,543.01,51.568,48.357888107500926
418,544.0,51.568,50.73709881735822
419,545.01,51.568,48.40071870867232
420,547.0,51.2457,48.213419611891865
421,548.0,51.2457,48.04206830037332
422,549.01,51.2457,48.090233223894046
423,551.0,51.2457,47.8370845006848
424,552.0,51.2457,50.38883754732818
425,554.0,51.2457,50.180457778518715
426,555.01,51.2457,50.088160709664045
427,556.01,51.2457,50.19480734428625
428,557.0,51.568,50.1245122130986
429,558.01,51.2457,49.95917249963475
430,560.0,51.2457,49.886421305188634
431,561.01,51.2457,49.856012702538195
432,563.0,51.2457,49.78528721982832
433,564.0,51.2457,49.830524773300525
434,565.01,51.2457,49.73557603381111
435,566.01,51.2457,49.72774233331806
436,567.01,51.2457,49.633661274119206
437,568.01,51.2457,49.397416884475945
438,570.0,51.2457,49.44194869965903
439,571.0,51.2457,49.285277413654406
440,572.01,51.2457,49.411847274598706
441,574.0,51.2457,49.36124768582622
442,575.01,51.2457,49.13567007052181
443,577.0,51.2457,49.31395333526502
444,578.01,51.2457,48.954343759352895
445,579.01,51.2457,48.88010775805612
446,580.01,51.2457,48.96288266364193
447,581.0,51.2457,48.94568426495816
448,582.01,51.2457,48.751566378386045
449,584.01,51.2457,48.66479564338221
450,585.0,51.2457,48.64234022272384
451,586.01,51.2457,48.66922507699147
452,588.01,51.2457,48.521162309898415
453,589.01,51.2457,48.589293440541
454,590.01,51.2457,50.9856023201614
455,591.0,51.2457,48.49057374858339
456,592.01,51.2457,48.32634750799083
457,594.0,51.2457,50.651345396012175
458,595.01,51.2457,48.27448290661051
459,596.01,50.923399999999994,50.66671866451648
460,597.01,51.2457,48.23025933658713
461,598.01,50.923399999999994,50.51736013317787
462,599.01,50.923399999999994,48.05156604330339
463,601.0,51.2457,48.02040728918302
464,602.01,50.923399999999994,50.38807328401989
465,603.01,50.923399999999994,50.29141335294824
466,605.0,50.923399999999994,50.177935300194285
467,606.01,50.923399999999994,50.16685692005203
468,607.0,50.923399999999994,50.3785842132364
469,608.0,50.923399999999994,50.14283411676115
470,609.01,50.923399999999994,47.76433004448313
471,610.01,50.923399999999994,50.02717279295394
472,612.0,50.923399999999994,49.9237851037632
473,613.0,50.923399999999994,49.93901746335069
474,614.01,50.923399999999994,49.938739385935655
475,616.01,50.923399999999994,49.82782556429463
476,617.0,50.923399999999994,49.71949729152797
477,618.01,50.923399999999994,49.76753028054458
478,619.0,50.923399999999994,49.68902833430721
479,620.01,50.923399999999994,49.49310941591654
480,622.0,50.923399999999994,49.60066635375487
481,623.0,50.923399999999994,49.601712203731935
482,625.0,50.923399999999994,49.51317334560557
483,626.01,50.923399999999994,49.44257909489241
484,628.0,50.923399999999994,49.41968635218116
485,629.0,50.923399999999994,49.47693614852797
486,631.0,50.923399999999994,49.23630741259083
487,632.0,50.923399999999994,49.203921871648085
488,634.01,50.923399999999994,49.35219470238578
489,635.01,50.923399999999994,49.18316177538948
490,636.01,50.923399999999994,49.065457770178284
491,637.01,50.923399999999994,49.26334552906912
492,638.0,50.923399999999994,49.08937824185571
493,639.01,50.923399999999994,48.913294680137376
494,641.01,50.923399999999994,48.89166174933595
495,642.0,50.923399999999994,48.94141933542201
496,643.01,50.923399999999994,48.910279758386956
497,645.0,50.923399999999994,48.7355356329937
498,646.01,50.923399999999994,48.80448253822391
499,647.0,50.923399999999994,48.674744563656276
500,648.01,50.923399999999994,48.71359032267032
501,649.01,50.923399999999994,48.49612446118363
502,651.0,50.923399999999994,48.48915375437899
503,652.0,50.923399999999994,48.45231761324057
504,654.0,50.923399999999994,48.470666658046106
505,655.01,50.923399999999994,48.49339886152944
506,656.01,50.923399999999994,48.360733858892175
507,657.0,50.923399999999994,48.34486192460021
508,658.01,50.923399999999994,48.314356167677246
509,660.0,50.923399999999994,48.29081112395994
510,661.0,50.923399999999994,48.20171995726402
511,662.01,50.923399999999994,48.18313088894234
512,663.01,50.923399999999994,48.074780513476185
513,664.0,50.923399999999994,48.144283344777016
514,666.0,50.923399999999994,48.112351634829835
515,667.0,50.923399999999994,50.38261560925124
516,669.0,50.923399999999994,47.99950715785691
517,670.01,50.923399999999994,47.83887278859135
518,671.01,50.601099999999995,47.93576876629958
519,672.01,50.923399999999994,50.36240918071277
520,673.0,50.923399999999994,47.926232093846046
521,675.01,50.601099999999995,50.29147026055348
522,676.01,50.601099999999995,50.234539524860985
523,677.0,50.601099999999995,47.6903848364808
524,678.01,50.923399999999994,47.729702274832306
525,679.01,50.923399999999994,47.54450293778859
526,680.01,50.923399999999994,50.100194411576894
527,682.01,50.601099999999995,50.01155082911351
528,683.0,50.601099999999995,49.94642471200074
529,684.01,50.601099999999995,49.92969684745495
530,686.0,50.601099999999995,49.979964043728835
531,687.0,50.601099999999995,50.02739020886945
532,688.0,50.601099999999995,49.793012767682
533,689.01,50.601099999999995,49.830742103736775
534,690.0,50.601099999999995,49.84672913506727
535,692.0,50.601099999999995,49.67200303207694
536,693.0,50.601099999999995,49.744065639829515
537,695.0,50.601099999999995,49.764680071687444
538,696.0,50.601099999999995,49.67570130187097
539,697.01,50.601099999999995,49.67444894127834
540,698.01,50.601099999999995,49.61683095668719
541,699.01,50.601099999999995,49.38969369385449
542,700.02,50.601099999999995,49.502259625841816
543,702.0,50.601099999999995,49.40031875254836
544,703.0,50.601099999999995,49.574336470683235
545,704.01,50.601099999999995,49.42564518853243
546,706.0,50.601099999999995,49.306655314111275
547,707.0,50.601099999999995,49.35364049505439
548,708.01,50.601099999999995,49.39305604209292
549,709.01,50.601099999999995,49.289048529122674
550,710.01,50.601099999999995,49.23601527108228
551,712.01,50.601099999999995,49.22027636447301
552,713.0,50.601099999999995,49.087298442018536
553,715.0,50.601099999999995,49.30572038707629
554,716.01,50.601099999999995,49.06709234809509
555,718.01,50.601099999999995,49.261705101361414
556,719.01,50.601099999999995,49.1999352645973
557,720.0,50.601099999999995,49.024997649719616
558,721.01,50.601099999999995,49.123294904839746
559,722.01,50.601099999999995,49.07859069049189
560,723.01,50.601099999999995,49.00072935880304
561,726.0,50.601099999999995,48.94432336944746
562,727.0,50.601099999999995,49.03342032468644
563,728.0,50.601099999999995,48.89204061454663
564,729.01,50.601099999999995,48.84487783799925
565,730.01,50.601099999999995,48.75129482038071
566,732.0,50.601099999999995,48.72767874203571
567,733.0,50.601099999999995,48.84742183020319
568,734.0,50.601099999999995,48.85653652134321
569,735.0,50.601099999999995,48.70753023384067
570,736.01,50.601099999999995,48.63053803426694
571,737.01,50.601099999999995,48.717602202906015
572,739.01,50.601099999999995,48.69990381959451
573,740.0,50.601099999999995,48.73965676895689
574,741.01,50.601099999999995,48.70379496160322
575,743.01,50.601099999999995,48.4959988277343
576,744.0,50.601099999999995,48.57655352761023
577,746.0,50.601099999999995,48.4619013602615
578,747.0,50.601099999999995,48.47028033404903
579,748.0,50.601099999999995,48.42678677160399
580,749.01,50.601099999999995,48.298580328942265
581,750.01,50.601099999999995,48.28829530072428
582,751.01,50.601099999999995,48.335793744363336
583,753.01,50.601099999999995,48.5172672814462
584,754.01,50.601099999999995,48.21482142635267
585,755.01,50.601099999999995,48.27169471637541
586,757.0,50.601099999999995,48.203116587908
587,758.0,50.601099999999995,48.26479856919699
588,760.01,50.601099999999995,48.24991082313882
589,761.01,50.601099999999995,48.109022683748265
590,762.01,50.601099999999995,48.161033965766144
591,763.01,50.601099999999995,47.98302489418114
592,764.01,50.601099999999995,47.90806804879057
593,765.01,50.601099999999995,47.980931004492824
594,767.0,50.601099999999995,48.042872396179796
595,768.01,50.601099999999995,50.256054505067205
596,769.01,50.601099999999995,47.94367600458432
597,771.0,50.2788,47.98512026677147
598,772.01,50.601099999999995,47.83924246044893
599,773.0,50.601099999999995,47.83463594071455
600,774.01,50.601099999999995,47.82771739828695
601,775.01,50.601099999999995,47.74048865697319
602,777.0,50.601099999999995,50.289713492574
603,778.0,50.601099999999995,47.75574292404209
604,780.0,50.601099999999995,47.77315687560675
605,781.01,50.2788,47.75785812837284
606,783.0,50.601099999999995,47.72415839095054
607,784.01,50.601099999999995,50.12056174723602
608,786.01,50.2788,50.16296715443205
609,787.0,50.2788,49.938209869694596
610,788.01,50.2788,50.184174325062905
611,789.0,50.2788,47.5550417692333
612,790.0,50.2788,50.02557987608528
613,791.01,50.2788,47.50225033138594
614,793.0,50.2788,49.991460035762145
615,794.01,50.2788,47.492958017107505
616,795.0,50.2788,49.977211880836656
617,797.0,50.2788,49.95221856209449
618,798.0,50.2788,49.85196961695838
619,800.0,50.2788,49.883130123584124
620,801.0,50.2788,49.85219979159234
621,802.0,50.2788,49.75171028352667
622,803.01,50.2788,47.42270588809022
623,804.0,50.2788,49.85025578966828
624,805.01,50.2788,49.71794335666848
625,807.0,50.2788,49.84219291860245
626,808.0,50.2788,49.780831943708606
627,809.01,50.2788,49.72625541645683
628,811.0,50.2788,49.76329643226817
629,812.0,50.2788,49.775760228370316
630,813.01,50.2788,49.655558041553086
631,814.01,50.2788,49.726237005367814
632,815.01,50.2788,49.64831261135229
633,816.01,50.2788,49.569208453879625
634,818.01,50.2788,49.770148070716914
635,819.0,50.2788,49.60394450648654
636,820.01,50.2788,49.62810584220135
637,822.0,50.2788,49.54885778098381
638,823.0,50.2788,49.57902802196272
639,824.01,50.2788,49.64671608730571
640,825.01,50.2788,49.626711130800246
641,826.01,50.2788,49.623470836924874
642,827.0,50.2788,49.54831374861268
643,829.0,50.2788,47.115779358635926
644,830.0,50.2788,49.45114336558094
645,831.0,50.2788,47.08680423768632
646,833.0,50.2788,49.452788510170734
647,834.01,50.2788,49.460882944280186
648,835.01,50.2788,49.651257788548584
649,836.01,50.2788,49.43495167501546
650,837.01,50.2788,49.51442384531807
651,839.0,50.2788,49.410854249372605
652,840.0,50.2788,49.45402453947968
653,841.01,50.2788,49.33169920676496
654,843.01,50.2788,49.29473800397607
655,844.01,50.2788,49.37161145237034
656,845.01,50.2788,49.40081272682816
657,846.01,50.2788,49.27763367178804
658,847.01,50.2788,49.296661663473145
659,849.0,50.2788,49.33587030962979
660,850.0,50.2788,49.32251474075893
661,851.01,50.2788,49.250712952637
662,852.01,50.2788,49.10219328663595
663,853.01,50.2788,49.09944075410391
664,855.0,50.2788,49.178903652497304
665,856.0,50.2788,49.20932903898181
666,858.0,50.2788,49.09413822380179
667,859.0,50.2788,46.894835030954106
668,861.0,50.2788,49.074603732838426
669,862.0,50.2788,49.11967327245911
670,863.01,50.2788,49.04760968256079
671,864.0,50.2788,49.20061657141444
672,865.01,50.2788,49.10035555558402
673,867.0,50.2788,49.009236227762194
674,868.0,50.2788,49.058845791144435
675,869.0,50.601099999999995,49.13934481844162
676,870.01,50.601099999999995,48.955202725555814
677,871.01,50.2788,48.937360717191424
678,872.01,50.2788,49.007752553686174
679,874.0,50.2788,48.9189280697531
680,875.01,50.2788,48.908158254123876
681,876.0,50.2788,48.97438955510295
682,878.0,50.2788,48.943433561383515
683,879.01,50.2788,49.016029548877185
684,881.01,50.2788,48.816971157059896
685,882.0,50.2788,48.827024168576365
686,883.0,50.2788,48.83668324131638
687,884.0,50.2788,49.035691132278124
688,885.0,50.2788,48.81500595262669
689,887.01,50.2788,48.73380793554489
690,888.0,50.2788,48.8755666908269
691,889.0,50.2788,48.871439801848155
692,890.01,50.2788,48.78017542259215
693,891.01,50.2788,48.80012187558978
694,893.0,50.2788,48.718582541641865
695,894.0,50.2788,48.89665149084429
696,896.0,50.2788,48.77776036903676
697,897.0,50.2788,48.73629715397375
698,898.01,50.2788,48.76865125250531
699,899.01,50.2788,48.78122909470799
700,900.01,50.2788,48.79002377525697
701,902.0,50.2788,48.58188451770056
702,903.01,50.2788,48.662662516835546
703,904.01,50.2788,48.73439881025054
704,905.0,50.2788,48.622872326066975
705,906.0,50.2788,48.617620682632996
706,907.01,50.2788,48.65891163285509
707,909.0,50.2788,48.585257879457366
708,910.01,50.2788,48.5153427142411
709,911.01,50.2788,48.66014329552338
710,913.0,50.2788,48.50262959833471
711,914.0,50.2788,48.60517613177383
712,916.01,50.2788,48.474908237062834
713,917.01,50.2788,48.35756023655511
714,918.01,50.2788,48.42829939320093
715,919.01,50.2788,48.51321910939414
716,920.01,50.2788,48.470623545346896
717,922.0,50.2788,48.44215750544077
718,923.0,50.2788,48.51261319599934
719,924.01,50.2788,48.3294628881696
720,925.0,50.2788,48.390089909402874
721,926.01,50.2788,48.546206936288165
722,928.01,50.2788,48.52908906170613
723,929.0,50.2788,48.32164561460837
724,931.01,50.2788,48.39512429874335
725,932.01,50.2788,48.34335221132646
726,934.01,50.2788,48.329878672660186
727,935.01,50.2788,48.44337244060484
728,937.0,50.2788,48.250877107884136
729,938.01,50.2788,48.3913232076671
730,939.01,50.2788,48.28083930877721
731,940.01,50.2788,48.26181621632641
732,941.01,50.2788,48.29895931093761
733,942.01,50.2788,48.09724100263863
734,944.0,50.2788,48.22609898844213
735,945.0,50.2788,48.215913031871786
736,946.01,50.2788,48.231580176777285
737,948.0,50.2788,48.27763225973481
738,949.0,50.2788,48.10840606103656
739,950.0,50.2788,48.21018168707273
740,951.0,50.2788,48.10139443066097
741,952.01,50.2788,48.1456999909736
742,953.01,50.2788,48.02383940423328
743,955.0,50.2788,48.09646075134789
744,956.01,50.2788,48.02014881247794
745,957.01,50.2788,48.04872312168355
746,959.01,50.2788,48.06478426464725
747,960.01,50.2788,48.011218430474905
748,962.01,50.2788,48.12510399637212
749,963.0,50.2788,48.0768335416583
750,965.01,50.2788,48.03928957634093
751,966.0,50.2788,47.96028788099914
752,968.01,50.2788,48.168682075184336
753,969.01,50.2788,47.97116298270887
754,971.0,50.2788,50.44103242431816
755,972.0,50.2788,47.90132754345408
756,974.0,50.2788,50.41297935055114
757,975.01,49.9565,48.0325016381921
758,977.0,50.2788,47.88377478178739
759,978.0,50.2788,50.42085081868106
760,979.01,50.2788,47.86978260737015
761,980.01,49.9565,47.8636255980096
762,981.0,50.2788,48.004757139246266
763,983.0,50.2788,48.08350684658676
764,984.01,50.2788,47.801052329850144
765,986.0,49.9565,47.79438777836715
766,987.0,49.9565,50.1920804584993
767,988.01,50.2788,50.30873550413684
768,989.01,50.2788,47.804027440648326
769,990.01,49.9565,47.92301520409446
770,991.02,50.2788,47.820285669271655
771,993.01,49.9565,47.62311802610047
772,994.01,50.2788,50.22904602916182
773,995.01,49.9565,50.15050141498834
774,997.01,49.9565,50.191562003129654
775,998.01,49.9565,50.266550629637834
776,999.01,50.2788,50.29170751434262
777,1000.01,49.9565,50.09312470882636
778,1001.01,49.9565,100.0
779,1003.01,49.9565,100.0
780,1004.0,50.2788,100.0
781,1005.01,50.2788,100.0
782,1006.0,50.2788,100.0
783,1007.01,50.2788,100.0
784,1008.0,50.2788,100.0
785,1010.01,50.601099999999995,100.0
786,1011.0,50.601099999999995,100.0
787,1012.01,50.601099999999995,100.0
788,1014.0,50.923399999999994,100.0
789,1015.0,50.923399999999994,100.0
790,1017.0,51.2457,100.0
791,1018.0,51.2457,100.0
792,1019.01,51.568,100.0
793,1020.01,51.568,100.0
794,1021.01,51.890299999999996,100.0
795,1023.01,52.212599999999995,100.0
796,1024.01,52.212599999999995,100.0
797,1025.01,52.212599999999995,100.0
798,1026.01,52.53489999999999,100.0
799,1027.01,52.53489999999999,100.0
800,1029.0,52.8572,100.0
801,1030.01,53.1795,100.0
802,1032.0,53.501799999999996,100.0
803,1033.0,53.501799999999996,100.0
804,1034.01,53.824099999999994,100.0
805,1035.0,53.824099999999994,100.0
806,1036.01,54.14639999999999,100.0
807,1038.0,54.4687,100.0
808,1039.01,54.4687,100.0
809,1040.0,54.791,100.0
810,1041.01,54.791,100.0
811,1042.0,55.113299999999995,100.0
812,1044.0,55.435599999999994,100.0
813,1045.01,55.435599999999994,98.12793133324618
814,1047.01,55.75789999999999,98.5018895736161
815,1048.0,56.0802,96.26923794918534
816,1050.0,56.402499999999996,94.13740985881955
817,1051.0,56.402499999999996,91.71280623927011
818,1052.0,56.724799999999995,91.93777062270205
819,1053.01,56.724799999999995,89.6857272329359
820,1054.0,57.04709999999999,89.81332394245433
821,1055.01,57.04709999999999,87.55487315087917
822,1057.0,57.3694,87.6749821684102
823,1058.0,57.6917,85.36574846548618
824,1059.01,57.6917,85.50776509388149
825,1061.01,58.013999999999996,83.21184547528438
826,1062.0,58.013999999999996,80.88836192833631
827,1063.01,58.013999999999996,80.79322209242171
828,1064.01,58.336299999999994,78.55639526604963
829,1065.01,58.336299999999994,78.60578510813153
830,1067.0,58.65859999999999,78.71985794884074
831,1068.0,58.65859999999999,76.57097994356371
832,1069.01,58.9809,76.4913259967055
833,1070.01,58.9809,73.94955073246246
834,1071.01,58.9809,74.13353345388904
835,1073.0,59.3032,74.295944379872
836,1074.0,59.3032,71.92591810682993
837,1075.01,59.625499999999995,71.8591076679836
838,1076.0,59.625499999999995,71.88434762463403
839,1077.01,59.625499999999995,69.5308084671642
840,1079.0,59.625499999999995,69.70488139069121
841,1080.0,59.947799999999994,69.41347612347238
842,1082.0,59.947799999999994,69.41429569037112
843,1083.01,59.947799999999994,67.0908743046752
844,1085.01,59.947799999999994,67.04902611886311
845,1086.0,60.27009999999999,67.1157584831287
846,1088.0,60.27009999999999,64.68343749482278
847,1089.01,60.27009999999999,64.49865428932678
848,1091.0,60.27009999999999,64.53627343073606
849,1092.01,60.27009999999999,64.62246313424339
850,1093.0,60.5924,64.55534001588491
851,1094.01,60.27009999999999,62.1785219035961
852,1095.01,60.5924,62.05396764760223
853,1097.0,60.5924,62.04364524186217
854,1098.0,60.5924,62.06658539752388
855,1099.0,60.5924,61.99758645976113
856,1100.0,60.5924,62.044088880792785
857,1101.01,60.5924,61.97673393984349
858,1103.0,60.5924,61.729637632017926
859,1104.01,60.5924,61.89106026807838
860,1106.0,60.5924,61.83286402155769
861,1107.0,60.5924,61.79907550558653
862,1108.01,60.5924,61.81673844183853
863,1109.0,60.5924,61.77304380397413
864,1110.01,60.5924,61.956615022419776
865,1112.0,60.5924,61.54506414679851
866,1113.0,60.5924,61.66183385185734
867,1115.01,60.5924,61.80801453502264
868,1116.01,60.5924,61.66247084886926
869,1117.01,60.5924,61.63902320219346
870,1118.01,60.5924,61.54037734021365
871,1119.01,60.5924,61.56976637405796
872,1121.0,60.5924,61.414616346051446
873,1122.0,60.5924,61.55335392299706
874,1124.0,60.5924,61.40901751194163
875,1125.01,60.5924,61.402144160306364
876,1126.01,60.5924,61.38153744429924
877,1127.01,60.5924,61.48222361917648
878,1128.0,60.5924,61.3684781456461
879,1129.01,60.5924,61.37903369140427
880,1132.0,60.27009999999999,63.61530172490573
881,1133.01,60.5924,63.82565913418896
882,1134.01,60.27009999999999,61.26276909565501
883,1135.01,60.27009999999999,61.15450302436523
884,1136.01,60.27009999999999,63.53770708856722
885,1138.0,60.27009999999999,63.58048770623643
886,1139.0,60.27009999999999,63.60574908880237
887,1141.0,60.27009999999999,63.67327793913432
888,1142.0,60.27009999999999,63.57258881723084
889,1144.01,60.27009999999999,63.52268518842694
890,1145.01,60.27009999999999,63.594325713939114
891,1147.01,60.27009999999999,63.48775213381748
892,1148.01,60.27009999999999,63.52240529176659
893,1149.01,60.27009999999999,63.58622363162186
894,1150.01,60.27009999999999,63.62671104547768
895,1151.01,60.27009999999999,63.437473648667186
896,1153.0,60.27009999999999,66.0295453410344
897,1154.0,60.27009999999999,63.377473706840135
898,1156.01,59.947799999999994,63.52460114567488
899,1157.01,60.27009999999999,63.41247433208141
900,1159.0,60.27009999999999,63.41785779407449
901,1160.0,60.27009999999999,63.42324741264369
902,1162.0,59.947799999999994,63.46669525006392
903,1163.01,59.947799999999994,65.90521847699968
904,1164.01,59.947799999999994,65.81056640673889
905,1165.0,59.947799999999994,65.69900230583795
906,1166.01,59.947799999999994,65.88383129790765
907,1168.0,59.947799999999994,65.78944838239775
908,1169.0,59.947799999999994,63.42203798972909
909,1171.0,59.947799999999994,65.80140221766949
910,1172.01,59.947799999999994,65.85929322334447
911,1173.0,59.947799999999994,65.81960292319997
912,1174.01,59.947799999999994,65.83908878353142
913,1175.01,59.947799999999994,65.92878847526762
914,1177.0,59.947799999999994,65.88805481649578
915,1178.01,59.947799999999994,65.85409606475527
916,1180.0,59.947799999999994,65.82334576785442
917,1181.0,59.947799999999994,65.84198601064023
918,1182.01,59.947799999999994,65.75577047731339
919,1183.01,59.947799999999994,65.81519873883741
920,1184.02,59.947799999999994,65.98801155754047
921,1186.0,59.947799999999994,65.93632632196395
922,1187.01,59.947799999999994,65.87263926354788
923,1188.01,59.947799999999994,65.95367673915504
924,1189.01,59.947799999999994,66.03216332905775
925,1190.01,59.947799999999994,65.76951323711543
926,1192.0,59.947799999999994,65.8578911609701
927,1193.01,59.947799999999994,65.9540862183657
928,1195.0,59.947799999999994,65.96981363472112
929,1196.0,59.947799999999994,65.88686291737662
930,1198.01,59.947799999999994,65.97473105122789
931,1199.01,59.947799999999994,65.97055200937541
932,1200.01,59.947799999999994,65.9092694225401
933,1201.01,59.947799999999994,65.93918135721462
934,1202.01,59.947799999999994,66.02322893563158
935,1203.01,59.947799999999994,65.93389194774177
936,1205.01,59.947799999999994,65.9414114705542
937,1206.0,59.947799999999994,65.93881374681752
938,1207.01,59.947799999999994,66.02887337040254
939,1209.0,59.947799999999994,65.8990100361561
940,1210.01,59.947799999999994,65.91061018394804
941,1212.0,59.947799999999994,65.9752095873218
942,1213.0,59.947799999999994,65.96307232310457
943,1214.01,59.947799999999994,66.01318662382198
944,1215.01,59.947799999999994,65.91504587478948
945,1216.01,59.947799999999994,65.95939616012068
946,1217.01,59.947799999999994,66.03446368547162
947,1219.01,59.947799999999994,65.8917437017233
948,1220.01,59.947799999999994,66.04379502940898
949,1221.01,59.947799999999994,66.04697130608879
950,1223.0,60.27009999999999,63.52105986835008
951,1224.0,59.947799999999994,65.94546432565197
952,1226.0,60.27009999999999,65.88877723099905
953,1227.0,59.947799999999994,65.90265788610512
954,1229.01,59.947799999999994,65.90330938024584
955,1230.01,59.947799999999994,65.89851984303962
956,1231.0,59.947799999999994,65.9718632749596
957,1232.0,60.27009999999999,66.01824200402791
958,1233.01,59.947799999999994,65.96229995599158
959,1235.0,59.947799999999994,65.87890313499061
960,1236.0,59.947799999999994,65.90379775430002
961,1237.01,59.947799999999994,65.9195994387165
962,1238.01,60.27009999999999,65.83859212857313
963,1239.01,59.947799999999994,65.90392323013917
964,1241.0,59.947799999999994,66.05627134432768
965,1242.0,59.947799999999994,66.00491013571197
966,1244.0,60.27009999999999,65.92869133983909
967,1245.0,60.27009999999999,66.01981194817539
968,1247.0,59.947799999999994,63.50674969820292
969,1248.01,59.947799999999994,65.96408326845625
970,1249.01,59.947799999999994,66.06570830374605
971,1250.0,59.947799999999994,65.94306635599727
972,1251.0,59.947799999999994,65.94261331467689
973,1252.0,59.947799999999994,65.95798291098659
974,1254.01,59.947799999999994,66.0346682390078
975,1255.0,60.27009999999999,63.48941484802556
976,1256.0,59.947799999999994,63.53817954047628
977,1258.0,59.947799999999994,63.54895629934491
978,1259.0,59.947799999999994,63.45312626717394
979,1261.0,59.947799999999994,65.900876959347
980,1262.0,59.947799999999994,63.55136463850429
981,1264.0,59.947799999999994,66.00668511966909
982,1265.01,59.947799999999994,65.9780232501224
983,1266.01,59.947799999999994,65.87463834836797
984,1267.0,60.27009999999999,63.53961322207046
985,1268.01,59.947799999999994,65.95166142610492
986,1270.0,59.947799999999994,65.95097195040789
987,1271.0,59.947799999999994,63.49752106770609
988,1272.01,59.947799999999994,65.8309073314739
989,1273.01,60.27009999999999,65.90502900121945
990,1274.01,59.947799999999994,66.00891397791496
991,1275.02,59.947799999999994,65.83707945293096
992,1277.0,59.947799999999994,65.8593961922175
993,1278.01,59.947799999999994,63.49658587455929
994,1279.01,59.947799999999994,65.88480434946946
995,1281.0,59.947799999999994,65.90636867540947
996,1282.0,59.947799999999994,63.57386827763047
997,1283.01,59.947799999999994,65.94424320200714
998,1284.01,59.947799999999994,65.80818303613523
999,1285.0,59.947799999999994,65.99769761814531
1000,1287.0,59.947799999999994,65.90029105476525
1001,1288.01,59.947799999999994,65.8273004876975
1002,1290.0,59.947799999999994,65.87349159386437
1003,1291.01,59.947799999999994,65.92288129119822
1004,1293.0,59.947799999999994,63.51591879219148
1005,1294.0,59.947799999999994,65.94741330761819
1006,1295.0,59.947799999999994,65.9926591678308
1007,1296.0,59.947799999999994,65.89144299814225
1008,1297.01,59.947799999999994,66.018887304314
1009,1299.0,59.947799999999994,65.97992401831272
1010,1300.01,59.947799999999994,65.91612400267586
1011,1301.01,59.947799999999994,65.89137140124308
1012,1302.0,59.947799999999994,66.01027424247229
1013,1303.01,59.947799999999994,65.9213438735066
1014,1305.08,59.947799999999994,65.96654740985971
1015,1306.01,59.947799999999994,65.93597774642613
1016,1307.01,59.947799999999994,65.95026037974891
1017,1308.01,59.947799999999994,66.00932839640222
1018,1309.01,59.947799999999994,65.98308415875255
1019,1310.0,59.947799999999994,65.92372795400618
1020,1312.01,60.27009999999999,63.54640376471641
1021,1313.01,60.27009999999999,65.84478490596953
1022,1314.01,59.947799999999994,65.95437669807109
1023,1316.0,59.947799999999994,63.429141582359826
1024,1317.01,60.27009999999999,66.07143164290456
1025,1318.01,60.27009999999999,65.99742344632038
1026,1319.0,59.947799999999994,63.52655286606395
1027,1320.01,60.27009999999999,65.86702779524457
1028,1322.0,60.27009999999999,65.99260180117867
1029,1323.0,59.947799999999994,66.02090523108669
1030,1325.0,59.947799999999994,66.01074688344029
1031,1326.01,59.947799999999994,65.91288100848043
1032,1328.0,59.947799999999994,66.0047765090596
1033,1329.01,59.947799999999994,63.5149282092349
1034,1331.0,59.947799999999994,65.84783322072083
1035,1332.01,59.947799999999994,63.49075831055943
1036,1333.01,60.27009999999999,63.5949748690293
1037,1334.0,60.27009999999999,65.97943609637987
1038,1335.01,59.947799999999994,65.91020033436752
1039,1337.0,59.947799999999994,65.87711016439835
1040,1338.0,60.27009999999999,65.7584897810238
1041,1340.0,59.947799999999994,65.90323008815177
1042,1341.0,59.947799999999994,63.539020806635364
1043,1343.0,59.947799999999994,63.47038111696707
1044,1344.0,59.947799999999994,65.77894550976966
1045,1345.01,59.947799999999994,65.83113330284309
1046,1346.01,59.947799999999994,65.90560467177141
1047,1347.01,59.947799999999994,65.72136839208802
1048,1348.01,59.947799999999994,65.88606959489147
1049,1351.0,59.947799999999994,66.12127592444064
1050,1352.0,59.947799999999994,65.75079091885583
1051,1353.0,60.27009999999999,65.91656678960383
1052,1354.01,60.27009999999999,65.98534119196303
1053,1355.01,59.947799999999994,66.08668163440865
1054,1357.0,60.27009999999999,65.86759765624842
1055,1358.0,60.27009999999999,63.35261112782966
1056,1360.01,59.947799999999994,63.4904717331092
1057,1361.0,59.947799999999994,65.75819129093793
1058,1362.01,60.27009999999999,65.9395995191599
1059,1363.0,59.947799999999994,63.431438347408076
1060,1364.01,59.947799999999994,65.99003369044127
1061,1366.0,59.947799999999994,66.00483129772816
1062,1367.0,59.947799999999994,65.77968109081488
1063,1369.0,60.27009999999999,63.26489814675173
1064,1370.0,59.947799999999994,65.79846894704777
1065,1371.01,59.947799999999994,65.8705626921057
1066,1372.01,59.947799999999994,65.89131858235086
1067,1373.01,59.947799999999994,65.84725411564433
1068,1375.01,59.947799999999994,65.87131195935508
1069,1376.01,60.27009999999999,65.85763641806015
1070,1378.01,59.947799999999994,65.85000777832092
1071,1379.0,59.947799999999994,65.85089891051584
1072,1381.01,59.947799999999994,63.4476396797846
1073,1382.01,60.27009999999999,65.81291773137178
1074,1384.0,60.27009999999999,65.60999618544483
1075,1385.01,59.947799999999994,63.405751061757584
1076,1386.0,60.27009999999999,65.94256288632836
1077,1387.01,59.947799999999994,65.72716062574584
1078,1388.01,59.947799999999994,65.87891403963636
1079,1390.0,59.947799999999994,65.86612378985927
1080,1391.01,59.947799999999994,65.9060216260512
1081,1393.0,59.947799999999994,65.97985360627925
1082,1394.0,59.947799999999994,65.96228032944074
1083,1395.0,60.27009999999999,65.82935960316689
1084,1396.01,60.27009999999999,65.85556323650675
1085,1397.01,59.947799999999994,65.9263972573889
1086,1399.0,59.947799999999994,66.00123592699572
1087,1400.0,59.947799999999994,65.85005150745704
1088,1401.01,59.947799999999994,66.01270003016882
1089,1402.0,60.27009999999999,65.93401393439567
1090,1403.01,59.947799999999994,65.86123292610846
1091,1405.01,59.947799999999994,65.98799578958784
1092,1406.01,59.947799999999994,65.93270581119523
1093,1408.01,60.27009999999999,66.05607314547767
1094,1409.01,60.27009999999999,65.94556395393212
1095,1410.01,59.947799999999994,63.52158577626269
1096,1411.01,59.947799999999994,65.81676805182629
1097,1412.01,59.947799999999994,63.430390557576274
1098,1414.0,59.947799999999994,66.00061056838193
1099,1415.01,59.947799999999994,63.416976997077384
1100,1417.01,59.947799999999994,65.8490159737175
1101,1418.0,60.27009999999999,65.82211285142633
1102,1419.0,59.947799999999994,65.83615558143364
1103,1420.01,59.947799999999994,65.90532248727804
1104,1421.01,59.947799999999994,65.88447219526125
1105,1423.0,59.947799999999994,65.91320894090855
1106,1424.0,59.947799999999994,66.06669478126469
1107,1426.0,59.947799999999994,65.94622978152918
1108,1427.01,59.947799999999994,63.53241198261655
1109,1428.0,60.27009999999999,63.46222426108148
1110,1429.01,59.947799999999994,66.03093067401366
1111,1430.01,60.27009999999999,65.89737715390146
1112,1432.01,59.947799999999994,66.04539568550904
1113,1433.0,60.27009999999999,65.87086425922584
1114,1434.01,59.947799999999994,65.90628214460895
1115,1435.01,59.947799999999994,65.86101864897596
1116,1436.01,59.947799999999994,66.03101642985304
1117,1438.0,59.947799999999994,65.90790017339911
1118,1439.0,59.947799999999994,65.84490903235958
1119,1441.0,59.947799999999994,63.316101631281974
1120,1442.0,59.947799999999994,63.39848309155778
1121,1443.01,59.947799999999994,66.02945233009152
1122,1444.0,60.27009999999999,65.92762703404829
1123,1445.01,59.947799999999994,65.84592240407817
1124,1447.01,59.947799999999994,65.90147421087454
1125,1448.0,59.947799999999994,65.95091371570946
1126,1450.0,59.947799999999994,65.91259183096966
1127,1451.0,60.27009999999999,65.98534223707775
1128,1452.01,59.947799999999994,65.98990133080306
1129,1453.0,59.947799999999994,65.89591292858374
1130,1454.01,60.27009999999999,65.9299829563173
1131,1456.0,59.947799999999994,65.77010152248057
1132,1457.01,59.947799999999994,65.94659220961469
1133,1458.01,60.27009999999999,65.83639953232934
1134,1459.01,59.947799999999994,63.46304244625698
1135,1460.01,59.947799999999994,63.43088645690949
1136,1462.0,59.947799999999994,65.98075977483823
1137,1463.0,59.947799999999994,65.8469255384996
1138,1464.01,59.947799999999994,63.448343900447355
1139,1465.01,59.947799999999994,65.95774284067491
1140,1466.01,60.27009999999999,65.88828793908542
1141,1468.01,59.947799999999994,63.338702930383754
1142,1469.0,59.947799999999994,66.00631836084469
1143,1471.01,59.947799999999994,65.91179854758516
1144,1472.01,59.947799999999994,63.33002644351759
1145,1473.0,59.947799999999994,63.29509681354638
1146,1474.01,60.27009999999999,65.84250804616457
1147,1475.0,59.947799999999994,63.37563518705495
1148,1476.01,59.947799999999994,65.91340790571338
1149,1478.01,59.947799999999994,65.79686230741727
1150,1479.01,59.947799999999994,63.43750780294082
1151,1480.01,60.27009999999999,63.36331954692477
1152,1482.01,59.947799999999994,65.68778672396222
1153,1483.0,59.947799999999994,65.91805683877291
1154,1484.01,59.947799999999994,65.90608680255058
1155,1485.0,60.27009999999999,65.87043720815883
1156,1486.01,59.947799999999994,65.72679890968193
1157,1488.0,59.947799999999994,63.35888775248583
1158,1489.0,59.947799999999994,65.90406065189488
1159,1491.0,60.27009999999999,63.34916410396988
1160,1492.01,59.947799999999994,65.73119883107029
1161,1493.01,59.947799999999994,65.8405674923497
1162,1494.0,59.947799999999994,65.8418676079706
1163,1495.01,59.947799999999994,65.746205460674
1164,1497.0,59.947799999999994,65.88035398177867
1165,1498.01,59.947799999999994,65.8407969228201
1166,1499.0,59.947799999999994,65.67050977209406
1167,1500.01,59.947799999999994,65.82066830650689
1168,1501.0,59.947799999999994,65.79170586109396
1169,1503.0,59.947799999999994,65.8889741333091
1170,1504.01,60.27009999999999,65.81290117425927
1171,1506.01,59.947799999999994,65.81975773748474
1172,1507.01,59.947799999999994,65.86586192267951
1173,1508.01,59.947799999999994,63.35198381594045
1174,1509.0,59.947799999999994,65.82624275832103
1175,1510.01,59.947799999999994,65.86638369915745
1176,1512.0,59.947799999999994,65.85437419954918
1177,1513.0,60.27009999999999,65.79122087559307
1178,1515.0,59.947799999999994,63.37796818443839
1179,1516.0,59.947799999999994,65.8389672374451
1180,1517.01,59.947799999999994,65.8193171634212
1181,1518.01,59.947799999999994,65.86049943853928
1182,1519.0,59.947799999999994,65.86960009152928
1183,1520.01,59.947799999999994,65.9766376080684
1184,1522.0,59.947799999999994,65.8138808108647
1185,1523.0,59.947799999999994,65.8055161069396
1186,1524.0,60.27009999999999,65.92376114016888
1187,1526.01,59.947799999999994,65.8424283081571
1188,1527.01,59.947799999999994,65.86296268429567
1189,1528.0,59.947799999999994,63.38202177284779
1190,1529.01,59.947799999999994,65.78418712082328
1191,1530.01,60.27009999999999,65.94745219899374
1192,1532.0,60.27009999999999,65.94739370696041
1193,1533.0,59.947799999999994,63.35792051699074
1194,1534.01,60.27009999999999,65.80369639593829
1195,1535.0,59.947799999999994,65.95960397874495
1196,1536.0,59.947799999999994,65.83068756690567
1197,1538.0,59.947799999999994,63.39299456274946
1198,1539.0,59.947799999999994,65.815854328807
1199,1541.0,59.947799999999994,65.85523402811116
1200,1542.0,59.947799999999994,65.93537377317422
1201,1544.0,59.947799999999994,65.95306962765662
1202,1545.01,59.947799999999994,65.76296952092557
1203,1547.01,59.947799999999994,65.89055222908328
1204,1548.01,59.947799999999994,63.44434135725248
1205,1550.01,59.947799999999994,65.92602300127811
1206,1551.0,59.947799999999994,65.88901722422128
1207,1553.0,59.947799999999994,65.79290555101461
1208,1554.0,59.947799999999994,65.83411028517332
1209,1555.0,59.947799999999994,65.76291606892586
1210,1556.0,59.947799999999994,65.923262224999
1211,1557.01,59.947799999999994,65.97920219451773
1212,1559.0,59.947799999999994,65.91081893170906
1213,1560.0,59.947799999999994,65.88491087896426
1214,1562.0,60.27009999999999,65.83178422331135
1215,1563.0,59.947799999999994,65.90161476260418
1216,1564.0,60.27009999999999,65.8334720652094
1217,1565.01,60.27009999999999,65.80125413000009
1218,1566.0,59.947799999999994,65.86753407749214
1219,1568.0,59.947799999999994,63.50670458777839
1220,1569.01,59.947799999999994,65.7810303717358
1221,1571.01,59.947799999999994,65.81532735255942
1222,1572.0,60.27009999999999,65.95959766349026
1223,1574.0,59.947799999999994,65.9363082225949
1224,1575.01,59.947799999999994,65.90021088733022
1225,1577.01,59.947799999999994,65.95564271848738
1226,1578.01,60.27009999999999,65.8977350208146
1227,1580.0,59.947799999999994,63.4085738608398
1228,1581.0,59.947799999999994,63.30549268132582
1229,1583.0,60.27009999999999,65.92536959902503
1230,1584.01,59.947799999999994,65.94732830236211
1231,1585.01,59.947799999999994,65.86472943930113
1232,1586.0,59.947799999999994,63.31628226174022
1233,1587.01,59.947799999999994,65.98977277921055
1234,1589.01,59.947799999999994,65.99897106540146
1235,1590.0,59.947799999999994,63.45730820650946
1236,1592.0,59.947799999999994,65.86899651087276
1237,1593.0,59.947799999999994,65.79615495836065
1238,1594.0,60.27009999999999,65.77938056958384
1239,1595.01,60.27009999999999,65.67790556512043
1240,1596.01,59.947799999999994,65.78934141223374
1241,1598.01,59.947799999999994,65.67941701218176
1242,1599.01,60.27009999999999,65.81592304022492
1243,1601.0,59.947799999999994,65.83264739039979
1244,1602.0,59.947799999999994,63.331306564569346
1245,1604.0,60.27009999999999,65.80635530388358
1246,1605.0,59.947799999999994,65.90382746661108
1247,1606.01,59.947799999999994,63.33564346960862
1248,1607.01,59.947799999999994,65.7255735039574
1249,1608.01,59.947799999999994,65.81568942982939
1250,1610.01,59.947799999999994,63.395581671739144
1251,1611.0,59.947799999999994,65.75637356612006
1252,1612.0,59.947799999999994,65.69624168544404
1253,1613.01,59.947799999999994,65.875779082462
1254,1614.01,59.947799999999994,65.82936756973879
1255,1616.0,59.947799999999994,65.77899119407056
1256,1617.0,59.947799999999994,65.87826222406872
1257,1618.01,59.947799999999994,65.85860374650014
1258,1619.01,59.947799999999994,65.86994106164488
1259,1620.0,59.947799999999994,65.90476202198626
1260,1621.01,59.947799999999994,65.8484858232974
1261,1623.0,59.947799999999994,65.83736723981819
1262,1624.0,60.27009999999999,65.76134830213365
1263,1625.0,59.947799999999994,65.90180838578551
1264,1627.01,60.27009999999999,66.08938663222959
1265,1628.01,59.947799999999994,65.83999648450009
1266,1629.0,59.947799999999994,65.8717546821252
1267,1630.01,59.947799999999994,65.83575321017203
1268,1631.01,59.947799999999994,65.81591627913708
1269,1633.0,59.947799999999994,65.93597225491268
1270,1634.01,59.947799999999994,65.79396136468561
1271,1635.01,59.947799999999994,65.8996741888621
1272,1636.01,59.947799999999994,65.79828970311789
1273,1637.01,59.947799999999994,65.83421615750757
1274,1639.0,60.27009999999999,65.92363810965941
1275,1640.0,59.947799999999994,66.07178921044101
1276,1641.0,60.27009999999999,65.8589723775165
1277,1643.0,59.947799999999994,65.88590022506408
1278,1644.01,59.947799999999994,65.97211502544134
1279,1646.0,60.27009999999999,65.78878912043656
1280,1647.01,59.947799999999994,65.99400837556618
1281,1648.01,60.27009999999999,63.367116423519974
1282,1649.01,60.27009999999999,63.518946706198285
1283,1650.01,59.947799999999994,65.81213145182024
1284,1652.0,60.27009999999999,63.47822769457813
1285,1653.01,59.947799999999994,65.80178395063567
1286,1654.01,59.947799999999994,63.40239654009649
1287,1655.01,60.27009999999999,65.90835894837025
1288,1656.01,59.947799999999994,65.81570441189216
1289,1658.01,60.27009999999999,63.45356072859571
1290,1659.01,59.947799999999994,65.93766205753496
1291,1661.0,59.947799999999994,65.81612347664658
1292,1662.0,60.27009999999999,65.97290174836866
1293,1663.0,60.27009999999999,63.3696314075413
1294,1664.01,59.947799999999994,65.8066121030165
1295,1665.01,59.947799999999994,65.947817267615
1296,1667.0,59.947799999999994,65.8394202722083
1297,1668.01,60.27009999999999,65.86011372654616
1298,1669.0,60.27009999999999,65.89596762522025
1299,1670.01,59.947799999999994,63.482846706547164
1300,1671.01,60.27009999999999,65.90121007281493
1301,1673.0,60.27009999999999,65.8289991181684
1302,1674.0,59.947799999999994,63.41476494276034
1303,1676.0,59.947799999999994,63.41587744780597
1304,1677.0,60.27009999999999,65.91249899698889
1305,1679.0,59.947799999999994,65.75455793390385
1306,1680.0,59.947799999999994,65.78730329168657
1307,1681.0,60.27009999999999,65.74627087861752
1308,1682.01,59.947799999999994,65.91482606589413
1309,1683.01,60.27009999999999,63.32907063305762
1310,1685.0,59.947799999999994,65.83485622085774
1311,1686.0,59.947799999999994,65.8808608916142
1312,1688.0,59.947799999999994,65.79349044401656
1313,1689.0,60.27009999999999,65.75887460629714
1314,1691.01,59.947799999999994,65.80946309946049
1315,1692.01,59.947799999999994,65.68018460512434
1316,1694.0,59.947799999999994,65.78786719257086
1317,1695.0,59.947799999999994,65.77071385211885
1318,1696.01,59.947799999999994,65.81936942715855
1319,1697.01,60.27009999999999,65.90174898171601
1320,1698.01,59.947799999999994,65.9262717871651
1321,1700.0,59.947799999999994,65.6931638092914
1322,1701.01,59.947799999999994,65.97692567107666
1323,1703.01,59.947799999999994,65.74121914533319
1324,1704.01,59.947799999999994,63.35461529784647
1325,1706.0,59.947799999999994,65.79810519787424
1326,1707.01,59.947799999999994,65.67661488588702
1327,1709.0,59.947799999999994,65.86317871064594
1328,1710.0,59.947799999999994,65.89329307197252
1329,1712.01,59.947799999999994,65.84379233424845
1330,1713.0,60.27009999999999,65.90268170138152
1331,1714.01,60.27009999999999,65.84565864062114
1332,1715.01,59.947799999999994,65.83900970773371
1333,1716.01,59.947799999999994,65.92797666722876
1334,1718.0,59.947799999999994,65.756695106366
1335,1719.0,60.27009999999999,65.95623087236568
1336,1721.0,59.947799999999994,65.91461263553178
1337,1722.0,59.947799999999994,65.97484395667342
1338,1724.01,60.27009999999999,63.50146835225878
1339,1725.0,59.947799999999994,65.72759844408763
1340,1726.0,59.947799999999994,65.66563423577495
1341,1727.0,60.27009999999999,66.00473967241568
1342,1728.0,59.947799999999994,65.76369314482614
1343,1729.01,59.947799999999994,63.33402430302599
1344,1731.0,59.947799999999994,65.84946424508193
1345,1732.0,60.27009999999999,65.71310080624136
1346,1733.0,59.947799999999994,63.46206213020967
1347,1735.01,59.947799999999994,65.80877654838248
1348,1736.0,59.947799999999994,65.90176186089623
1349,1737.0,60.27009999999999,65.89685926326919
1350,1738.01,59.947799999999994,63.446625057675604
1351,1739.01,59.947799999999994,65.84279809109395
1352,1740.01,59.947799999999994,65.7760585756355
1353,1742.0,60.27009999999999,65.82288695181754
1354,1743.01,59.947799999999994,65.86402719347721
1355,1744.01,59.947799999999994,65.96696099351817
1356,1746.0,59.947799999999994,63.42425243512312
1357,1747.0,60.27009999999999,65.83511872098104
1358,1748.0,59.947799999999994,65.85771116313954
1359,1749.0,60.27009999999999,65.896819793168
1360,1750.01,59.947799999999994,63.39737639324278
1361,1752.0,59.947799999999994,65.86984939360775
1362,1753.0,59.947799999999994,65.88416597084202
1363,1755.0,59.947799999999994,65.83943984334327
1364,1756.0,59.947799999999994,65.86080627500382
1365,1758.0,59.947799999999994,65.93726774058334
1366,1759.01,59.947799999999994,65.95944718805373
1367,1761.01,59.947799999999994,65.78142797529478
1368,1762.0,59.947799999999994,65.8469930836652
1369,1763.01,59.947799999999994,65.77826718301222
1370,1764.01,59.947799999999994,63.517305177568645
1371,1765.01,59.947799999999994,65.92068987595954
1372,1767.0,59.947799999999994,65.82908537702366
1373,1768.01,60.27009999999999,63.48529954321886
1374,1769.01,59.947799999999994,65.84794616624426
1375,1770.01,59.947799999999994,65.8704323915388
1376,1771.01,59.947799999999994,65.88888990521619
1377,1773.0,59.947799999999994,63.52570445007892
1378,1774.01,59.947799999999994,65.82531350008992
1379,1775.01,59.947799999999994,65.98376420943995
1380,1776.0,59.947799999999994,65.84335867935063
1381,1777.01,59.947799999999994,65.96628614800804
1382,1779.0,59.947799999999994,65.71490245944815
1383,1780.0,59.947799999999994,63.37412972799427
1384,1781.01,59.947799999999994,65.87853351612311
1385,1782.0,59.947799999999994,63.5377566958544
1386,1783.01,59.947799999999994,65.82065742881574
1387,1784.0,60.27009999999999,65.89515521045645
1388,1786.0,60.27009999999999,65.79436094128448
1389,1787.0,59.947799999999994,65.88851638377949
1390,1788.01,59.947799999999994,65.9671749840196
1391,1790.0,59.947799999999994,65.87746377791092
1392,1791.01,59.947799999999994,65.85754485847177
1393,1792.0,60.27009999999999,65.7272102066529
1394,1793.0,59.947799999999994,65.94078761516295
1395,1794.01,59.947799999999994,66.00108667542966
1396,1795.01,60.27009999999999,65.79854688437392
1397,1798.0,59.947799999999994,65.83942233850668
1398,1799.01,59.947799999999994,65.82779970312382
1399,1800.0,59.947799999999994,65.64294670233782
1400,1801.01,59.947799999999994,66.04128873786746
1401,1802.0,59.947799999999994,65.88866413354457
1402,1804.01,59.947799999999994,65.80673392307185
1403,1805.01,59.947799999999994,65.780907048425
1404,1807.01,59.947799999999994,63.46367683817686
1405,1808.01,59.947799999999994,65.9048912033088
1406,1809.01,59.947799999999994,65.88020096649812
1407,1810.01,59.947799999999994,65.65514782513215
1408,1811.01,59.947799999999994,65.8973260235112
1409,1813.0,59.947799999999994,65.77425419753132
1410,1814.0,59.947799999999994,66.07000390517847
1411,1816.0,59.947799999999994,63.41850098230747
1412,1817.0,60.27009999999999,65.77411732177714
1413,1818.01,60.27009999999999,65.83221416820615
1414,1819.0,59.947799999999994,65.84991833792392
1415,1820.01,59.947799999999994,65.85840742178006
1416,1822.0,59.947799999999994,65.90794872183623
1417,1823.0,60.27009999999999,63.494187532633774
1418,1825.0,59.947799999999994,65.87986299527519
1419,1826.01,59.947799999999994,65.9862207471498
1420,1827.01,60.27009999999999,65.87468391944499
1421,1828.0,59.947799999999994,65.90812761769546
1422,1829.01,60.27009999999999,65.859822198019
1423,1831.0,59.947799999999994,63.37901697071492
1424,1832.0,59.947799999999994,65.88363642063979
1425,1834.0,59.947799999999994,65.81953027604479
1426,1835.0,59.947799999999994,65.89437532677958
1427,1837.0,59.947799999999994,65.87653182543464
1428,1838.01,60.27009999999999,66.01704648850088
1429,1839.01,59.947799999999994,63.5570627590846
1430,1840.0,59.947799999999994,65.95970743456094
1431,1841.01,59.947799999999994,63.34315529171761
1432,1843.0,60.27009999999999,65.79120778413123
1433,1844.0,60.27009999999999,65.8564843165269
1434,1845.0,59.947799999999994,65.91924937558338
1435,1846.0,60.27009999999999,65.71871285296294
1436,1847.01,59.947799999999994,65.82371461499771
1437,1849.01,60.27009999999999,65.81954912173623
1438,1850.01,59.947799999999994,65.95831126581646
1439,1852.01,60.27009999999999,63.43029151242635
1440,1853.01,59.947799999999994,63.46536456313567
1441,1854.0,60.27009999999999,65.8540603661378
1442,1855.01,59.947799999999994,65.91239227624114
1443,1856.01,59.947799999999994,66.05462664539567
1444,1858.0,59.947799999999994,63.32720115458353
1445,1859.01,59.947799999999994,63.43254537195296
1446,1860.0,60.27009999999999,63.420066919446626
1447,1861.01,59.947799999999994,65.78542359515554
1448,1862.01,59.947799999999994,65.83182743648135
1449,1864.01,59.947799999999994,65.8486819261034
1450,1865.0,59.947799999999994,63.43475050848739
1451,1866.01,60.27009999999999,66.05194032819371
1452,1867.01,59.947799999999994,63.39799205253023
1453,1868.01,59.947799999999994,65.84420868767937
1454,1870.0,59.947799999999994,65.65589836600327
1455,1871.0,59.947799999999994,65.75582334735039
1456,1873.0,59.947799999999994,65.87903302150696
1457,1874.0,59.947799999999994,65.88559423883025
1458,1875.0,59.947799999999994,63.27970141829032
1459,1876.01,59.947799999999994,65.89643153843126
1460,1877.01,60.27009999999999,65.67333078567708
1461,1879.0,59.947799999999994,65.843354198255
1462,1880.0,59.947799999999994,65.87136795619134
1463,1881.01,59.947799999999994,65.77801373903924
1464,1882.01,59.947799999999994,65.81074033270687
1465,1883.01,59.947799999999994,65.78929603754501
1466,1885.0,59.947799999999994,65.8227112641039
1467,1886.0,59.947799999999994,65.83890956721382
1468,1888.0,59.947799999999994,65.73350705749196
1469,1889.0,60.27009999999999,65.6843423000896
1470,1891.0,59.947799999999994,65.98266155204576
1471,1892.0,59.947799999999994,65.84774130008194
1472,1893.01,59.947799999999994,65.89090708972005
1473,1894.01,59.947799999999994,65.83461709354701
1474,1895.01,59.947799999999994,65.81401890168911
1475,1897.0,60.27009999999999,65.76092592290111
1476,1898.0,59.947799999999994,65.85354900984886
1477,1899.0,59.947799999999994,65.84800445860685
1478,1900.0,59.947799999999994,65.87784608814374
1479,1901.01,59.947799999999994,65.83279454069634
1480,1903.01,59.947799999999994,63.425548157808535
1481,1904.01,59.947799999999994,65.86471056446287
1482,1906.01,60.27009999999999,65.8745096362795
1483,1907.01,59.947799999999994,65.82337863643097
1484,1909.0,60.27009999999999,63.49794126810794
1485,1910.01,59.947799999999994,65.67394701255888
1486,1911.0,60.27009999999999,65.85107580080555
1487,1912.01,59.947799999999994,65.91193839650983
1488,1913.01,59.947799999999994,63.39150454982138
1489,1915.0,59.947799999999994,65.80285152573866
1490,1916.0,59.947799999999994,65.75772083797418
1491,1917.01,60.27009999999999,63.48113031784354
1492,1918.01,59.947799999999994,65.828033143531
1493,1919.01,59.947799999999994,65.57194678818696
1494,1921.01,59.947799999999994,65.75623450637164
1495,1922.0,60.27009999999999,63.43744310118202
1496,1923.01,59.947799999999994,63.235649296711145
1497,1924.0,59.947799999999994,63.371150025962486
1498,1925.01,59.947799999999994,65.77617609607098
1499,1927.0,59.947799999999994,65.69176444286414
1500,1928.01,59.947799999999994,65.64403306943325
1501,1930.01,59.947799999999994,63.282077353369985
1502,1931.01,59.947799999999994,65.87098195665426
1503,1933.0,59.947799999999994,65.76176416746179
1504,1934.0,59.947799999999994,65.82948124227133
1505,1936.0,59.947799999999994,65.6667986641805
1506,1937.01,59.947799999999994,65.83088323527066
1507,1939.01,59.947799999999994,65.74066192209206
1508,1940.01,60.27009999999999,65.82426999334871
1509,1942.0,59.947799999999994,65.69228696295839
1510,1943.0,59.947799999999994,65.85445787288731
1511,1945.0,59.947799999999994,65.9270579902958
1512,1946.01,59.947799999999994,65.82436107164423
1513,1948.0,59.947799999999994,65.88928583304623
1514,1949.0,59.947799999999994,65.93278894700734
1515,1950.0,59.947799999999994,63.45421716806767
1516,1951.0,59.947799999999994,65.80874458564817
1517,1952.01,59.947799999999994,65.74600397762433
1518,1954.01,59.947799999999994,65.73819260008429
1519,1955.01,59.947799999999994,65.73977127177317
1520,1956.01,59.947799999999994,63.30778368346347
1521,1957.01,59.947799999999994,65.83954710298316
1522,1958.01,59.947799999999994,65.92925944212365
1523,1960.0,59.947799999999994,65.79871894016955
1524,1961.0,59.947799999999994,65.62565454011445
1525,1963.0,59.947799999999994,65.7542497864475
1526,1964.01,59.947799999999994,63.320020973026566
1527,1965.0,59.947799999999994,65.74201429852721
1528,1966.0,60.27009999999999,65.79971075222042
1529,1967.01,59.947799999999994,65.83129240367973
1530,1969.0,59.947799999999994,65.79710471318798
1531,1970.0,59.947799999999994,65.90028595828721
1532,1972.0,59.947799999999994,65.86207559667324
1533,1973.0,59.947799999999994,65.78900763890604
1534,1974.01,59.947799999999994,65.85100295709267
1535,1975.01,59.947799999999994,65.88524143629627
1536,1976.01,60.27009999999999,65.75108549211987
1537,1978.0,59.947799999999994,65.78282897546573
1538,1979.0,59.947799999999994,65.8642274024077
1539,1981.0,59.947799999999994,65.84944391470108
1540,1982.0,59.947799999999994,65.86321871153535
1541,1984.0,60.27009999999999,65.90612503021404
1542,1985.0,59.947799999999994,65.9107452336729
1543,1986.01,59.947799999999994,65.87585696504493
1544,1987.01,59.947799999999994,65.79110715402197
1545,1988.01,59.947799999999994,63.36299484769836
1546,1990.0,59.947799999999994,63.46769337788249
1547,1991.0,59.947799999999994,65.97171502640313
1548,1993.01,59.947799999999994,65.8109357016667
1549,1994.01,59.947799999999994,65.7392195601879
1550,1995.01,60.27009999999999,65.86511389579645
1551,1996.0,59.947799999999994,65.91389834585873
1552,1997.01,59.947799999999994,65.81756414117561
1553,1999.0,59.947799999999994,65.96267470110116
1554,2000.0,59.947799999999994,65.80952597524426
1555,2000.0,59.947799999999994,0.0
1556,2050.04,51.890299999999996,0.0
1557,2100.07,42.865899999999996,42.69952156240893
1558,2150.08,41.576699999999995,100.0
1559,2200.05,49.9565,100.0
1560,2250.08,58.9809,68.04208031462178
1561,2300.07,61.55929999999999,0.0
1562,2350.08,53.1795,0.0
1563,2400.06,43.8328,29.214617654478232
1564,2450.07,40.6098,100.0
1565,2500.09,48.6673,100.0
1566,2550.09,58.013999999999996,61.583667368965635
1567,2600.07,59.947799999999994,0.0
1568,2650.07,51.890299999999996,0.0
1569,2700.05,42.865899999999996,46.322033052020764
1570,2750.05,41.898999999999994,100.0
1571,2800.1,50.601099999999995,100.0
1572,2850.04,59.3032,46.97963221840349
1573,2900.01,58.9809,0.0
1574,2950.07,50.2788,0.0
1575,3000.06,41.576699999999995,67.8660880482795
1576,3050.09,43.8328,100.0
1577,3100.08,52.8572,100.0
1578,3150.0699999999997,61.236999999999995,96.69556530952227
1579,3200.0699999999997,66.7161,57.50952085196375
1580,3250.1099999999997,65.42689999999999,1.0798211214475515
1581,3300.09,55.435599999999994,5.30505408699338
1582,3350.05,45.7666,95.6572091711779
1583,3400.1,50.601099999999995,100.0
1584,3450.01,58.9809,100.0
1585,3500.05,65.7492,55.713164049504854
1586,3550.0699999999997,64.78229999999999,22.118181424468965
1587,3600.06,57.3694,17.969980857228407
1588,3650.1,49.9565,83.47475999906032
1589,3700.09,52.8572,100.0
1590,3750.0699999999997,59.947799999999994,100.0
1591,3800.06,66.0715,56.83952988292758
1592,3850.0699999999997,65.10459999999999,7.294488888395001
1593,3900.08,56.0802,12.726814945811071
1594,3950.0299999999997,47.700399999999995,82.61506599960452
1595,4000.04,50.601099999999995,100.0
